destination,destination_key,duty_basis,origin,origin_key,product,hs_code,rate_percent,scheme,conditional,verified,source_urls
European Union,eu,CIF,Nepal,nepal,Cotton knit T-shirts,6109.10,0,Everything But Arms,false,2026-09-25,https://ec.europa.eu/taxation_customs/dds2/taric/measures.jsp?Lang=en&Taric=6109100010
European Union,eu,CIF,Nepal,nepal,Cotton knit polo shirts,6105.10,0,Everything But Arms,false,2026-09-25,https://ec.europa.eu/taxation_customs/dds2/taric/measures.jsp?Lang=en&Taric=6109100010
European Union,eu,CIF,Nepal,nepal,Cotton sweatshirts & hoodies,6110.20,0,Everything But Arms,false,2026-09-25,https://ec.europa.eu/taxation_customs/dds2/taric/measures.jsp?Lang=en&Taric=6109100010
European Union,eu,CIF,Bangladesh,bangladesh,Cotton knit T-shirts,6109.10,0,Everything But Arms,false,2026-09-25,https://ec.europa.eu/taxation_customs/dds2/taric/measures.jsp?Lang=en&Taric=6109100010
European Union,eu,CIF,Bangladesh,bangladesh,Cotton knit polo shirts,6105.10,0,Everything But Arms,false,2026-09-25,https://ec.europa.eu/taxation_customs/dds2/taric/measures.jsp?Lang=en&Taric=6109100010
European Union,eu,CIF,Bangladesh,bangladesh,Cotton sweatshirts & hoodies,6110.20,0,Everything But Arms,false,2026-09-25,https://ec.europa.eu/taxation_customs/dds2/taric/measures.jsp?Lang=en&Taric=6109100010
European Union,eu,CIF,India,india,Cotton knit T-shirts,6109.10,9.6,Standard GSP (EU–India FTA not yet in force),false,2026-09-25,https://ec.europa.eu/taxation_customs/dds2/taric/measures.jsp?Lang=en&Taric=6109100010 https://commission.europa.eu/topics/trade/eu-india-trade-agreement_en
European Union,eu,CIF,India,india,Cotton knit polo shirts,6105.10,9.6,Standard GSP (EU–India FTA not yet in force),false,2026-09-25,https://ec.europa.eu/taxation_customs/dds2/taric/measures.jsp?Lang=en&Taric=6109100010 https://commission.europa.eu/topics/trade/eu-india-trade-agreement_en
European Union,eu,CIF,India,india,Cotton sweatshirts & hoodies,6110.20,9.6,Standard GSP (EU–India FTA not yet in force),false,2026-09-25,https://ec.europa.eu/taxation_customs/dds2/taric/measures.jsp?Lang=en&Taric=6109100010 https://commission.europa.eu/topics/trade/eu-india-trade-agreement_en
European Union,eu,CIF,China,china,Cotton knit T-shirts,6109.10,12,Third-country (MFN) duty,false,2026-09-25,https://ec.europa.eu/taxation_customs/dds2/taric/measures.jsp?Lang=en&Taric=6109100010
European Union,eu,CIF,China,china,Cotton knit polo shirts,6105.10,12,Third-country (MFN) duty,false,2026-09-25,https://ec.europa.eu/taxation_customs/dds2/taric/measures.jsp?Lang=en&Taric=6109100010
European Union,eu,CIF,China,china,Cotton sweatshirts & hoodies,6110.20,12,Third-country (MFN) duty,false,2026-09-25,https://ec.europa.eu/taxation_customs/dds2/taric/measures.jsp?Lang=en&Taric=6109100010
European Union,eu,CIF,Vietnam,vietnam,Cotton knit T-shirts,6109.10,0,EVFTA — needs Vietnamese or EU fabric,true,2026-09-25,https://ec.europa.eu/taxation_customs/dds2/taric/measures.jsp?Lang=en&Taric=6109100010
European Union,eu,CIF,Vietnam,vietnam,Cotton knit polo shirts,6105.10,0,EVFTA — needs Vietnamese or EU fabric,true,2026-09-25,https://ec.europa.eu/taxation_customs/dds2/taric/measures.jsp?Lang=en&Taric=6109100010
European Union,eu,CIF,Vietnam,vietnam,Cotton sweatshirts & hoodies,6110.20,0,EVFTA — needs Vietnamese or EU fabric,true,2026-09-25,https://ec.europa.eu/taxation_customs/dds2/taric/measures.jsp?Lang=en&Taric=6109100010
United Kingdom,uk,CIF,Nepal,nepal,Cotton knit T-shirts,6109.10,0,DCTS Comprehensive Preferences,false,2026-09-25,https://www.trade-tariff.service.gov.uk/commodities/6109100010
United Kingdom,uk,CIF,Nepal,nepal,Cotton knit polo shirts,6105.10,0,DCTS Comprehensive Preferences,false,2026-09-25,https://www.trade-tariff.service.gov.uk/commodities/6109100010
United Kingdom,uk,CIF,Nepal,nepal,Cotton sweatshirts & hoodies,6110.20,0,DCTS Comprehensive Preferences,false,2026-09-25,https://www.trade-tariff.service.gov.uk/commodities/6109100010
United Kingdom,uk,CIF,Bangladesh,bangladesh,Cotton knit T-shirts,6109.10,0,DCTS Comprehensive Preferences,false,2026-09-25,https://www.trade-tariff.service.gov.uk/commodities/6109100010
United Kingdom,uk,CIF,Bangladesh,bangladesh,Cotton knit polo shirts,6105.10,0,DCTS Comprehensive Preferences,false,2026-09-25,https://www.trade-tariff.service.gov.uk/commodities/6109100010
United Kingdom,uk,CIF,Bangladesh,bangladesh,Cotton sweatshirts & hoodies,6110.20,0,DCTS Comprehensive Preferences,false,2026-09-25,https://www.trade-tariff.service.gov.uk/commodities/6109100010
United Kingdom,uk,CIF,India,india,Cotton knit T-shirts,6109.10,0,UK–India CETA (from 15 Jul 2026),false,2026-09-25,https://www.trade-tariff.service.gov.uk/commodities/6109100010
United Kingdom,uk,CIF,India,india,Cotton knit polo shirts,6105.10,0,UK–India CETA (from 15 Jul 2026),false,2026-09-25,https://www.trade-tariff.service.gov.uk/commodities/6109100010
United Kingdom,uk,CIF,India,india,Cotton sweatshirts & hoodies,6110.20,0,UK–India CETA (from 15 Jul 2026),false,2026-09-25,https://www.trade-tariff.service.gov.uk/commodities/6109100010
United Kingdom,uk,CIF,China,china,Cotton knit T-shirts,6109.10,12,Third-country (MFN) duty,false,2026-09-25,https://www.trade-tariff.service.gov.uk/commodities/6109100010
United Kingdom,uk,CIF,China,china,Cotton knit polo shirts,6105.10,12,Third-country (MFN) duty,false,2026-09-25,https://www.trade-tariff.service.gov.uk/commodities/6109100010
United Kingdom,uk,CIF,China,china,Cotton sweatshirts & hoodies,6110.20,12,Third-country (MFN) duty,false,2026-09-25,https://www.trade-tariff.service.gov.uk/commodities/6109100010
United Kingdom,uk,CIF,Vietnam,vietnam,Cotton knit T-shirts,6109.10,0,UKVFTA — needs Vietnamese or UK fabric,true,2026-09-25,https://www.trade-tariff.service.gov.uk/commodities/6109100010
United Kingdom,uk,CIF,Vietnam,vietnam,Cotton knit polo shirts,6105.10,0,UKVFTA — needs Vietnamese or UK fabric,true,2026-09-25,https://www.trade-tariff.service.gov.uk/commodities/6109100010
United Kingdom,uk,CIF,Vietnam,vietnam,Cotton sweatshirts & hoodies,6110.20,0,UKVFTA — needs Vietnamese or UK fabric,true,2026-09-25,https://www.trade-tariff.service.gov.uk/commodities/6109100010
United States,usa,FOB,Nepal,nepal,Cotton knit T-shirts,6109.10,16.5,MFN only — no additional duty,false,2026-09-25,https://hts.usitc.gov/search?query=6109.10.00
United States,usa,FOB,Nepal,nepal,Cotton knit polo shirts,6105.10,19.7,MFN only — no additional duty,false,2026-09-25,https://hts.usitc.gov/search?query=6109.10.00
United States,usa,FOB,Nepal,nepal,Cotton sweatshirts & hoodies,6110.20,16.5,MFN only — no additional duty,false,2026-09-25,https://hts.usitc.gov/search?query=6109.10.00
United States,usa,FOB,Bangladesh,bangladesh,Cotton knit T-shirts,6109.10,26.5,MFN + 10% Section 301 (forced labour),false,2026-09-25,https://hts.usitc.gov/search?query=6109.10.00 https://ustr.gov/sites/default/files/files/Press/Releases/2026/FLIP%20301%20Investigation%20Final%20Action%20FRN%207-23-26%20FINAL.pdf https://www.federalregister.gov/documents/2026/07/28/2026-15181
United States,usa,FOB,Bangladesh,bangladesh,Cotton knit polo shirts,6105.10,29.7,MFN + 10% Section 301 (forced labour),false,2026-09-25,https://hts.usitc.gov/search?query=6109.10.00 https://ustr.gov/sites/default/files/files/Press/Releases/2026/FLIP%20301%20Investigation%20Final%20Action%20FRN%207-23-26%20FINAL.pdf https://www.federalregister.gov/documents/2026/07/28/2026-15181
United States,usa,FOB,Bangladesh,bangladesh,Cotton sweatshirts & hoodies,6110.20,26.5,MFN + 10% Section 301 (forced labour),false,2026-09-25,https://hts.usitc.gov/search?query=6109.10.00 https://ustr.gov/sites/default/files/files/Press/Releases/2026/FLIP%20301%20Investigation%20Final%20Action%20FRN%207-23-26%20FINAL.pdf https://www.federalregister.gov/documents/2026/07/28/2026-15181
United States,usa,FOB,India,india,Cotton knit T-shirts,6109.10,26.5,MFN + 10% Section 301 (forced labour),false,2026-09-25,https://hts.usitc.gov/search?query=6109.10.00 https://ustr.gov/sites/default/files/files/Press/Releases/2026/FLIP%20301%20Investigation%20Final%20Action%20FRN%207-23-26%20FINAL.pdf https://www.federalregister.gov/documents/2026/07/28/2026-15181
United States,usa,FOB,India,india,Cotton knit polo shirts,6105.10,29.7,MFN + 10% Section 301 (forced labour),false,2026-09-25,https://hts.usitc.gov/search?query=6109.10.00 https://ustr.gov/sites/default/files/files/Press/Releases/2026/FLIP%20301%20Investigation%20Final%20Action%20FRN%207-23-26%20FINAL.pdf https://www.federalregister.gov/documents/2026/07/28/2026-15181
United States,usa,FOB,India,india,Cotton sweatshirts & hoodies,6110.20,26.5,MFN + 10% Section 301 (forced labour),false,2026-09-25,https://hts.usitc.gov/search?query=6109.10.00 https://ustr.gov/sites/default/files/files/Press/Releases/2026/FLIP%20301%20Investigation%20Final%20Action%20FRN%207-23-26%20FINAL.pdf https://www.federalregister.gov/documents/2026/07/28/2026-15181
United States,usa,FOB,China,china,Cotton knit T-shirts,6109.10,36.5,MFN + 7.5% Section 301 List 4A + 12.5% Section 301 (forced labour),false,2026-09-25,https://hts.usitc.gov/search?query=6109.10.00 https://ustr.gov/sites/default/files/files/Press/Releases/2026/FLIP%20301%20Investigation%20Final%20Action%20FRN%207-23-26%20FINAL.pdf https://www.federalregister.gov/documents/2026/07/28/2026-15181 https://ustr.gov/sites/default/files/enforcement/301Investigations/Notice_of_Modification_(List_4A_and_List_4B).pdf
United States,usa,FOB,China,china,Cotton knit polo shirts,6105.10,39.7,MFN + 7.5% Section 301 List 4A + 12.5% Section 301 (forced labour),false,2026-09-25,https://hts.usitc.gov/search?query=6109.10.00 https://ustr.gov/sites/default/files/files/Press/Releases/2026/FLIP%20301%20Investigation%20Final%20Action%20FRN%207-23-26%20FINAL.pdf https://www.federalregister.gov/documents/2026/07/28/2026-15181 https://ustr.gov/sites/default/files/enforcement/301Investigations/Notice_of_Modification_(List_4A_and_List_4B).pdf
United States,usa,FOB,China,china,Cotton sweatshirts & hoodies,6110.20,36.5,MFN + 7.5% Section 301 List 4A + 12.5% Section 301 (forced labour),false,2026-09-25,https://hts.usitc.gov/search?query=6109.10.00 https://ustr.gov/sites/default/files/files/Press/Releases/2026/FLIP%20301%20Investigation%20Final%20Action%20FRN%207-23-26%20FINAL.pdf https://www.federalregister.gov/documents/2026/07/28/2026-15181 https://ustr.gov/sites/default/files/enforcement/301Investigations/Notice_of_Modification_(List_4A_and_List_4B).pdf
United States,usa,FOB,Vietnam,vietnam,Cotton knit T-shirts,6109.10,29,MFN + 12.5% Section 301 (forced labour),false,2026-09-25,https://hts.usitc.gov/search?query=6109.10.00 https://ustr.gov/sites/default/files/files/Press/Releases/2026/FLIP%20301%20Investigation%20Final%20Action%20FRN%207-23-26%20FINAL.pdf https://www.federalregister.gov/documents/2026/07/28/2026-15181
United States,usa,FOB,Vietnam,vietnam,Cotton knit polo shirts,6105.10,32.2,MFN + 12.5% Section 301 (forced labour),false,2026-09-25,https://hts.usitc.gov/search?query=6109.10.00 https://ustr.gov/sites/default/files/files/Press/Releases/2026/FLIP%20301%20Investigation%20Final%20Action%20FRN%207-23-26%20FINAL.pdf https://www.federalregister.gov/documents/2026/07/28/2026-15181
United States,usa,FOB,Vietnam,vietnam,Cotton sweatshirts & hoodies,6110.20,29,MFN + 12.5% Section 301 (forced labour),false,2026-09-25,https://hts.usitc.gov/search?query=6109.10.00 https://ustr.gov/sites/default/files/files/Press/Releases/2026/FLIP%20301%20Investigation%20Final%20Action%20FRN%207-23-26%20FINAL.pdf https://www.federalregister.gov/documents/2026/07/28/2026-15181
Canada,canada,FOB,Nepal,nepal,Cotton knit T-shirts,6109.10,0,Least Developed Country Tariff,false,2026-09-25,https://www.cbsa-asfc.gc.ca/trade-commerce/tariff-tarif/2026/01-99/ch61-2026-eng.pdf
Canada,canada,FOB,Nepal,nepal,Cotton knit polo shirts,6105.10,0,Least Developed Country Tariff,false,2026-09-25,https://www.cbsa-asfc.gc.ca/trade-commerce/tariff-tarif/2026/01-99/ch61-2026-eng.pdf
Canada,canada,FOB,Nepal,nepal,Cotton sweatshirts & hoodies,6110.20,0,Least Developed Country Tariff,false,2026-09-25,https://www.cbsa-asfc.gc.ca/trade-commerce/tariff-tarif/2026/01-99/ch61-2026-eng.pdf
Canada,canada,FOB,Bangladesh,bangladesh,Cotton knit T-shirts,6109.10,0,Least Developed Country Tariff,false,2026-09-25,https://www.cbsa-asfc.gc.ca/trade-commerce/tariff-tarif/2026/01-99/ch61-2026-eng.pdf
Canada,canada,FOB,Bangladesh,bangladesh,Cotton knit polo shirts,6105.10,0,Least Developed Country Tariff,false,2026-09-25,https://www.cbsa-asfc.gc.ca/trade-commerce/tariff-tarif/2026/01-99/ch61-2026-eng.pdf
Canada,canada,FOB,Bangladesh,bangladesh,Cotton sweatshirts & hoodies,6110.20,0,Least Developed Country Tariff,false,2026-09-25,https://www.cbsa-asfc.gc.ca/trade-commerce/tariff-tarif/2026/01-99/ch61-2026-eng.pdf
Canada,canada,FOB,India,india,Cotton knit T-shirts,6109.10,18,MFN (no GPT on these lines),false,2026-09-25,https://www.cbsa-asfc.gc.ca/trade-commerce/tariff-tarif/2026/01-99/ch61-2026-eng.pdf
Canada,canada,FOB,India,india,Cotton knit polo shirts,6105.10,18,MFN (no GPT on these lines),false,2026-09-25,https://www.cbsa-asfc.gc.ca/trade-commerce/tariff-tarif/2026/01-99/ch61-2026-eng.pdf
Canada,canada,FOB,India,india,Cotton sweatshirts & hoodies,6110.20,18,MFN (no GPT on these lines),false,2026-09-25,https://www.cbsa-asfc.gc.ca/trade-commerce/tariff-tarif/2026/01-99/ch61-2026-eng.pdf
Canada,canada,FOB,China,china,Cotton knit T-shirts,6109.10,18,MFN,false,2026-09-25,https://www.cbsa-asfc.gc.ca/trade-commerce/tariff-tarif/2026/01-99/ch61-2026-eng.pdf https://www.cbsa-asfc.gc.ca/trade-commerce/tariff-tarif/2026/01-99/countries-pays-eng.pdf
Canada,canada,FOB,China,china,Cotton knit polo shirts,6105.10,18,MFN,false,2026-09-25,https://www.cbsa-asfc.gc.ca/trade-commerce/tariff-tarif/2026/01-99/ch61-2026-eng.pdf https://www.cbsa-asfc.gc.ca/trade-commerce/tariff-tarif/2026/01-99/countries-pays-eng.pdf
Canada,canada,FOB,China,china,Cotton sweatshirts & hoodies,6110.20,18,MFN,false,2026-09-25,https://www.cbsa-asfc.gc.ca/trade-commerce/tariff-tarif/2026/01-99/ch61-2026-eng.pdf https://www.cbsa-asfc.gc.ca/trade-commerce/tariff-tarif/2026/01-99/countries-pays-eng.pdf
Canada,canada,FOB,Vietnam,vietnam,Cotton knit T-shirts,6109.10,0,CPTPP — yarn-forward rule,true,2026-09-25,https://www.cbsa-asfc.gc.ca/trade-commerce/tariff-tarif/2026/01-99/ch61-2026-eng.pdf https://www.cbsa-asfc.gc.ca/trade-commerce/tariff-tarif/2026/01-99/countries-pays-eng.pdf
Canada,canada,FOB,Vietnam,vietnam,Cotton knit polo shirts,6105.10,0,CPTPP — yarn-forward rule,true,2026-09-25,https://www.cbsa-asfc.gc.ca/trade-commerce/tariff-tarif/2026/01-99/ch61-2026-eng.pdf https://www.cbsa-asfc.gc.ca/trade-commerce/tariff-tarif/2026/01-99/countries-pays-eng.pdf
Canada,canada,FOB,Vietnam,vietnam,Cotton sweatshirts & hoodies,6110.20,0,CPTPP — yarn-forward rule,true,2026-09-25,https://www.cbsa-asfc.gc.ca/trade-commerce/tariff-tarif/2026/01-99/ch61-2026-eng.pdf https://www.cbsa-asfc.gc.ca/trade-commerce/tariff-tarif/2026/01-99/countries-pays-eng.pdf
Japan,japan,CIF,Nepal,nepal,Cotton knit T-shirts,6109.10,0,LDC preference,false,2026-09-25,https://www.customs.go.jp/english/tariff/2026_08_08/data/e_61.htm
Japan,japan,CIF,Nepal,nepal,Cotton knit polo shirts,6105.10,0,LDC preference,false,2026-09-25,https://www.customs.go.jp/english/tariff/2026_08_08/data/e_61.htm
Japan,japan,CIF,Nepal,nepal,Cotton sweatshirts & hoodies,6110.20,0,LDC preference,false,2026-09-25,https://www.customs.go.jp/english/tariff/2026_08_08/data/e_61.htm
Japan,japan,CIF,Bangladesh,bangladesh,Cotton knit T-shirts,6109.10,0,LDC preference,false,2026-09-25,https://www.customs.go.jp/english/tariff/2026_08_08/data/e_61.htm
Japan,japan,CIF,Bangladesh,bangladesh,Cotton knit polo shirts,6105.10,0,LDC preference,false,2026-09-25,https://www.customs.go.jp/english/tariff/2026_08_08/data/e_61.htm
Japan,japan,CIF,Bangladesh,bangladesh,Cotton sweatshirts & hoodies,6110.20,0,LDC preference,false,2026-09-25,https://www.customs.go.jp/english/tariff/2026_08_08/data/e_61.htm
Japan,japan,CIF,India,india,Cotton knit T-shirts,6109.10,0,Japan–India CEPA,false,2026-09-25,https://www.customs.go.jp/english/tariff/2026_08_08/data/e_61.htm
Japan,japan,CIF,India,india,Cotton knit polo shirts,6105.10,0,Japan–India CEPA,false,2026-09-25,https://www.customs.go.jp/english/tariff/2026_08_08/data/e_61.htm
Japan,japan,CIF,India,india,Cotton sweatshirts & hoodies,6110.20,0,Japan–India CEPA,false,2026-09-25,https://www.customs.go.jp/english/tariff/2026_08_08/data/e_61.htm
Japan,japan,CIF,China,china,Cotton knit T-shirts,6109.10,4.6,RCEP staged rate (to 31 Mar 2027),true,2026-09-25,https://www.customs.go.jp/english/tariff/2026_08_08/data/e_61.htm
Japan,japan,CIF,China,china,Cotton knit polo shirts,6105.10,6.8,RCEP staged rate (to 31 Mar 2027),true,2026-09-25,https://www.customs.go.jp/english/tariff/2026_08_08/data/e_61.htm
Japan,japan,CIF,China,china,Cotton sweatshirts & hoodies,6110.20,6.8,RCEP staged rate (to 31 Mar 2027),true,2026-09-25,https://www.customs.go.jp/english/tariff/2026_08_08/data/e_61.htm
Japan,japan,CIF,Vietnam,vietnam,Cotton knit T-shirts,6109.10,0,Japan–Vietnam EPA / CPTPP / RCEP,true,2026-09-25,https://www.customs.go.jp/english/tariff/2026_08_08/data/e_61.htm
Japan,japan,CIF,Vietnam,vietnam,Cotton knit polo shirts,6105.10,0,Japan–Vietnam EPA / CPTPP / RCEP,true,2026-09-25,https://www.customs.go.jp/english/tariff/2026_08_08/data/e_61.htm
Japan,japan,CIF,Vietnam,vietnam,Cotton sweatshirts & hoodies,6110.20,0,Japan–Vietnam EPA / CPTPP / RCEP,true,2026-09-25,https://www.customs.go.jp/english/tariff/2026_08_08/data/e_61.htm
Australia,australia,FOB,Nepal,nepal,Cotton knit T-shirts,6109.10,0,LDC rate — 50% factory-cost rule,true,2026-09-25,https://www.abf.gov.au/importing-exporting-and-manufacturing/tariff-classification/current-tariff/schedule-3/section-xi/chapter-61 https://www.abf.gov.au/free-trade-agreements/files/instructions-guidelines-preferential-rules-origin.pdf
Australia,australia,FOB,Nepal,nepal,Cotton knit polo shirts,6105.10,0,LDC rate — 50% factory-cost rule,true,2026-09-25,https://www.abf.gov.au/importing-exporting-and-manufacturing/tariff-classification/current-tariff/schedule-3/section-xi/chapter-61 https://www.abf.gov.au/free-trade-agreements/files/instructions-guidelines-preferential-rules-origin.pdf
Australia,australia,FOB,Nepal,nepal,Cotton sweatshirts & hoodies,6110.20,0,LDC rate — 50% factory-cost rule,true,2026-09-25,https://www.abf.gov.au/importing-exporting-and-manufacturing/tariff-classification/current-tariff/schedule-3/section-xi/chapter-61 https://www.abf.gov.au/free-trade-agreements/files/instructions-guidelines-preferential-rules-origin.pdf
Australia,australia,FOB,Bangladesh,bangladesh,Cotton knit T-shirts,6109.10,0,LDC rate — 50% factory-cost rule,true,2026-09-25,https://www.abf.gov.au/importing-exporting-and-manufacturing/tariff-classification/current-tariff/schedule-3/section-xi/chapter-61 https://www.abf.gov.au/free-trade-agreements/files/instructions-guidelines-preferential-rules-origin.pdf
Australia,australia,FOB,Bangladesh,bangladesh,Cotton knit polo shirts,6105.10,0,LDC rate — 50% factory-cost rule,true,2026-09-25,https://www.abf.gov.au/importing-exporting-and-manufacturing/tariff-classification/current-tariff/schedule-3/section-xi/chapter-61 https://www.abf.gov.au/free-trade-agreements/files/instructions-guidelines-preferential-rules-origin.pdf
Australia,australia,FOB,Bangladesh,bangladesh,Cotton sweatshirts & hoodies,6110.20,0,LDC rate — 50% factory-cost rule,true,2026-09-25,https://www.abf.gov.au/importing-exporting-and-manufacturing/tariff-classification/current-tariff/schedule-3/section-xi/chapter-61 https://www.abf.gov.au/free-trade-agreements/files/instructions-guidelines-preferential-rules-origin.pdf
Australia,australia,FOB,India,india,Cotton knit T-shirts,6109.10,0,Australia–India ECTA,false,2026-09-25,https://www.abf.gov.au/importing-exporting-and-manufacturing/tariff-classification/current-tariff/schedule-3/section-xi/chapter-61 https://www.abf.gov.au/importing-exporting-and-manufacturing/tariff-classification/current-tariff/schedule-10a
Australia,australia,FOB,India,india,Cotton knit polo shirts,6105.10,0,Australia–India ECTA,false,2026-09-25,https://www.abf.gov.au/importing-exporting-and-manufacturing/tariff-classification/current-tariff/schedule-3/section-xi/chapter-61 https://www.abf.gov.au/importing-exporting-and-manufacturing/tariff-classification/current-tariff/schedule-10a
Australia,australia,FOB,India,india,Cotton sweatshirts & hoodies,6110.20,0,Australia–India ECTA,false,2026-09-25,https://www.abf.gov.au/importing-exporting-and-manufacturing/tariff-classification/current-tariff/schedule-3/section-xi/chapter-61 https://www.abf.gov.au/importing-exporting-and-manufacturing/tariff-classification/current-tariff/schedule-10a
Australia,australia,FOB,China,china,Cotton knit T-shirts,6109.10,0,China–Australia FTA,false,2026-09-25,https://www.abf.gov.au/importing-exporting-and-manufacturing/tariff-classification/current-tariff/schedule-3/section-xi/chapter-61 https://www.abf.gov.au/importing-exporting-and-manufacturing/tariff-classification/current-tariff/schedule-12
Australia,australia,FOB,China,china,Cotton knit polo shirts,6105.10,0,China–Australia FTA,false,2026-09-25,https://www.abf.gov.au/importing-exporting-and-manufacturing/tariff-classification/current-tariff/schedule-3/section-xi/chapter-61 https://www.abf.gov.au/importing-exporting-and-manufacturing/tariff-classification/current-tariff/schedule-12
Australia,australia,FOB,China,china,Cotton sweatshirts & hoodies,6110.20,0,China–Australia FTA,false,2026-09-25,https://www.abf.gov.au/importing-exporting-and-manufacturing/tariff-classification/current-tariff/schedule-3/section-xi/chapter-61 https://www.abf.gov.au/importing-exporting-and-manufacturing/tariff-classification/current-tariff/schedule-12
Australia,australia,FOB,Vietnam,vietnam,Cotton knit T-shirts,6109.10,0,AANZFTA / CPTPP,false,2026-09-25,https://www.abf.gov.au/importing-exporting-and-manufacturing/tariff-classification/current-tariff/schedule-3/section-xi/chapter-61 https://www.abf.gov.au/importing-exporting-and-manufacturing/tariff-classification/current-tariff/schedule-8
Australia,australia,FOB,Vietnam,vietnam,Cotton knit polo shirts,6105.10,0,AANZFTA / CPTPP,false,2026-09-25,https://www.abf.gov.au/importing-exporting-and-manufacturing/tariff-classification/current-tariff/schedule-3/section-xi/chapter-61 https://www.abf.gov.au/importing-exporting-and-manufacturing/tariff-classification/current-tariff/schedule-8
Australia,australia,FOB,Vietnam,vietnam,Cotton sweatshirts & hoodies,6110.20,0,AANZFTA / CPTPP,false,2026-09-25,https://www.abf.gov.au/importing-exporting-and-manufacturing/tariff-classification/current-tariff/schedule-3/section-xi/chapter-61 https://www.abf.gov.au/importing-exporting-and-manufacturing/tariff-classification/current-tariff/schedule-8
United Arab Emirates,uae,CIF,Nepal,nepal,Cotton knit T-shirts,6109.10,5,GCC common external tariff (no agreement),false,2026-09-25,https://www.dubaicustoms.gov.ae/en/mobile/pages/faq.aspx https://www.trade.gov.ae/comprehensive-economic-partnership-agreements
United Arab Emirates,uae,CIF,Nepal,nepal,Cotton knit polo shirts,6105.10,5,GCC common external tariff (no agreement),false,2026-09-25,https://www.dubaicustoms.gov.ae/en/mobile/pages/faq.aspx https://www.trade.gov.ae/comprehensive-economic-partnership-agreements
United Arab Emirates,uae,CIF,Nepal,nepal,Cotton sweatshirts & hoodies,6110.20,5,GCC common external tariff (no agreement),false,2026-09-25,https://www.dubaicustoms.gov.ae/en/mobile/pages/faq.aspx https://www.trade.gov.ae/comprehensive-economic-partnership-agreements
United Arab Emirates,uae,CIF,Bangladesh,bangladesh,Cotton knit T-shirts,6109.10,5,GCC common external tariff (CEPA in negotiation),false,2026-09-25,https://www.dubaicustoms.gov.ae/en/mobile/pages/faq.aspx https://www.trade.gov.ae/comprehensive-economic-partnership-agreements
United Arab Emirates,uae,CIF,Bangladesh,bangladesh,Cotton knit polo shirts,6105.10,5,GCC common external tariff (CEPA in negotiation),false,2026-09-25,https://www.dubaicustoms.gov.ae/en/mobile/pages/faq.aspx https://www.trade.gov.ae/comprehensive-economic-partnership-agreements
United Arab Emirates,uae,CIF,Bangladesh,bangladesh,Cotton sweatshirts & hoodies,6110.20,5,GCC common external tariff (CEPA in negotiation),false,2026-09-25,https://www.dubaicustoms.gov.ae/en/mobile/pages/faq.aspx https://www.trade.gov.ae/comprehensive-economic-partnership-agreements
United Arab Emirates,uae,CIF,India,india,Cotton knit T-shirts,6109.10,0,UAE–India CEPA (since 1 May 2022),true,2026-09-25,https://www.moet.gov.ae/documents/20121/1347101/Final+Agreement_UAE+India+CEPA.pdf https://www.trade.gov.ae/uae-india-comprehensive-economic-partnership-agreement
United Arab Emirates,uae,CIF,India,india,Cotton knit polo shirts,6105.10,0,UAE–India CEPA (since 1 May 2022),true,2026-09-25,https://www.moet.gov.ae/documents/20121/1347101/Final+Agreement_UAE+India+CEPA.pdf https://www.trade.gov.ae/uae-india-comprehensive-economic-partnership-agreement
United Arab Emirates,uae,CIF,India,india,Cotton sweatshirts & hoodies,6110.20,0,UAE–India CEPA (since 1 May 2022),true,2026-09-25,https://www.moet.gov.ae/documents/20121/1347101/Final+Agreement_UAE+India+CEPA.pdf https://www.trade.gov.ae/uae-india-comprehensive-economic-partnership-agreement
United Arab Emirates,uae,CIF,China,china,Cotton knit T-shirts,6109.10,5,GCC common external tariff (GCC–China FTA in negotiation),false,2026-09-25,https://www.dubaicustoms.gov.ae/en/mobile/pages/faq.aspx https://www.trade.gov.ae/web/guest/gcc-free-trade-agreements
United Arab Emirates,uae,CIF,China,china,Cotton knit polo shirts,6105.10,5,GCC common external tariff (GCC–China FTA in negotiation),false,2026-09-25,https://www.dubaicustoms.gov.ae/en/mobile/pages/faq.aspx https://www.trade.gov.ae/web/guest/gcc-free-trade-agreements
United Arab Emirates,uae,CIF,China,china,Cotton sweatshirts & hoodies,6110.20,5,GCC common external tariff (GCC–China FTA in negotiation),false,2026-09-25,https://www.dubaicustoms.gov.ae/en/mobile/pages/faq.aspx https://www.trade.gov.ae/web/guest/gcc-free-trade-agreements
United Arab Emirates,uae,CIF,Vietnam,vietnam,Cotton knit T-shirts,6109.10,0,UAE–Vietnam CEPA (since 3 Feb 2026),true,2026-09-25,https://wtocenter.vn/download/19643/2a.a-appendix-2a-a-tariff-schedule-of-uae.pdf https://www.trade.gov.ae/uae-vietnam-comprehensive-economic-partnership-agreement
United Arab Emirates,uae,CIF,Vietnam,vietnam,Cotton knit polo shirts,6105.10,0,UAE–Vietnam CEPA (since 3 Feb 2026),true,2026-09-25,https://wtocenter.vn/download/19643/2a.a-appendix-2a-a-tariff-schedule-of-uae.pdf https://www.trade.gov.ae/uae-vietnam-comprehensive-economic-partnership-agreement
United Arab Emirates,uae,CIF,Vietnam,vietnam,Cotton sweatshirts & hoodies,6110.20,0,UAE–Vietnam CEPA (since 3 Feb 2026),true,2026-09-25,https://wtocenter.vn/download/19643/2a.a-appendix-2a-a-tariff-schedule-of-uae.pdf https://www.trade.gov.ae/uae-vietnam-comprehensive-economic-partnership-agreement
India,india,CIF,Nepal,nepal,Cotton knit T-shirts,6109.10,0,Nepal–India Treaty of Trade or SAFTA (LDC) — 70% rule,true,2026-09-25,http://www.tepc.gov.np/tradeagreement/Treaty%20of%20Trade.pdf https://www.txcindia.gov.in/html/cs94-2k10%20230910.htm http://indiapakistantrade.org/data/policy/SAFTA/2011/Notification%2099-2011.pdf
India,india,CIF,Nepal,nepal,Cotton knit polo shirts,6105.10,0,Nepal–India Treaty of Trade or SAFTA (LDC) — 70% rule,true,2026-09-25,http://www.tepc.gov.np/tradeagreement/Treaty%20of%20Trade.pdf https://www.txcindia.gov.in/html/cs94-2k10%20230910.htm http://indiapakistantrade.org/data/policy/SAFTA/2011/Notification%2099-2011.pdf
India,india,CIF,Nepal,nepal,Cotton sweatshirts & hoodies,6110.20,0,Nepal–India Treaty of Trade or SAFTA (LDC) — 70% rule,true,2026-09-25,http://www.tepc.gov.np/tradeagreement/Treaty%20of%20Trade.pdf https://www.txcindia.gov.in/html/cs94-2k10%20230910.htm http://indiapakistantrade.org/data/policy/SAFTA/2011/Notification%2099-2011.pdf
India,india,CIF,Bangladesh,bangladesh,Cotton knit T-shirts,6109.10,0,SAFTA (LDC) — seaports only since May 2025,true,2026-09-25,http://indiapakistantrade.org/data/policy/SAFTA/2011/Notification%2099-2011.pdf https://www.pib.gov.in/PressReleasePage.aspx?PRID=2129380
India,india,CIF,Bangladesh,bangladesh,Cotton knit polo shirts,6105.10,0,SAFTA (LDC) — seaports only since May 2025,true,2026-09-25,http://indiapakistantrade.org/data/policy/SAFTA/2011/Notification%2099-2011.pdf https://www.pib.gov.in/PressReleasePage.aspx?PRID=2129380
India,india,CIF,Bangladesh,bangladesh,Cotton sweatshirts & hoodies,6110.20,0,SAFTA (LDC) — seaports only since May 2025,true,2026-09-25,http://indiapakistantrade.org/data/policy/SAFTA/2011/Notification%2099-2011.pdf https://www.pib.gov.in/PressReleasePage.aspx?PRID=2129380
India,india,CIF,China,china,Cotton knit T-shirts,6109.10,22,20% basic duty + 10% surcharge on it (MFN),false,2026-09-25,https://www.cbic.gov.in/entities/cbic-content-mst/MTcyNTQ5 https://www.cbic.gov.in/resources/htdocs-cbec/cst_45_2025_3.pdf https://www.indiabudget.gov.in/doc/cen/dojstru1.pdf
India,india,CIF,China,china,Cotton knit polo shirts,6105.10,22,20% basic duty + 10% surcharge on it (MFN),false,2026-09-25,https://www.cbic.gov.in/entities/cbic-content-mst/MTcyNTQ5 https://www.cbic.gov.in/resources/htdocs-cbec/cst_45_2025_3.pdf https://www.indiabudget.gov.in/doc/cen/dojstru1.pdf
India,india,CIF,China,china,Cotton sweatshirts & hoodies,6110.20,22,20% basic duty + 10% surcharge on it (MFN),false,2026-09-25,https://www.cbic.gov.in/entities/cbic-content-mst/MTcyNTQ5 https://www.cbic.gov.in/resources/htdocs-cbec/cst_45_2025_3.pdf https://www.indiabudget.gov.in/doc/cen/dojstru1.pdf
India,india,CIF,Vietnam,vietnam,Cotton knit T-shirts,6109.10,22,MFN — no ASEAN–India concession on these lines,false,2026-09-25,https://www.cbic.gov.in/entities/cbic-content-mst/MTcyNTQ5 https://custada.in/CUSTADA-Online/document/document/Ntfn-046-01.06.2011.htm
India,india,CIF,Vietnam,vietnam,Cotton knit polo shirts,6105.10,22,MFN — no ASEAN–India concession on these lines,false,2026-09-25,https://www.cbic.gov.in/entities/cbic-content-mst/MTcyNTQ5 https://custada.in/CUSTADA-Online/document/document/Ntfn-046-01.06.2011.htm
India,india,CIF,Vietnam,vietnam,Cotton sweatshirts & hoodies,6110.20,22,MFN — no ASEAN–India concession on these lines,false,2026-09-25,https://www.cbic.gov.in/entities/cbic-content-mst/MTcyNTQ5 https://custada.in/CUSTADA-Online/document/document/Ntfn-046-01.06.2011.htm
South Korea,korea,CIF,Nepal,nepal,Cotton knit T-shirts,6109.10,0,LDC preference (to 23 Nov 2029) — 60% FOB materials rule,true,2026-09-27,https://www.law.go.kr/BYL/grtFile/law0052462024123135127KC_000200E.xlsx https://www.law.go.kr/LSW/flDownload.do?gubun=&flSeq=159640043&bylClsCd=110201 https://www.law.go.kr/%EB%B2%95%EB%A0%B9/%EC%B5%9C%EB%B9%88%EA%B0%9C%EB%B0%9C%EB%8F%84%EC%83%81%EA%B5%AD%EC%97%90%EB%8C%80%ED%95%9C%ED%8A%B9%ED%98%9C%EA%B4%80%EC%84%B8%EA%B3%B5%EC%97%AC%EA%B7%9C%EC%A0%95
South Korea,korea,CIF,Nepal,nepal,Cotton knit polo shirts,6105.10,0,LDC preference (to 23 Nov 2029) — 60% FOB materials rule,true,2026-09-27,https://www.law.go.kr/BYL/grtFile/law0052462024123135127KC_000200E.xlsx https://www.law.go.kr/LSW/flDownload.do?gubun=&flSeq=159640043&bylClsCd=110201 https://www.law.go.kr/%EB%B2%95%EB%A0%B9/%EC%B5%9C%EB%B9%88%EA%B0%9C%EB%B0%9C%EB%8F%84%EC%83%81%EA%B5%AD%EC%97%90%EB%8C%80%ED%95%9C%ED%8A%B9%ED%98%9C%EA%B4%80%EC%84%B8%EA%B3%B5%EC%97%AC%EA%B7%9C%EC%A0%95
South Korea,korea,CIF,Nepal,nepal,Cotton sweatshirts & hoodies,6110.20,0,LDC preference (to 23 Nov 2029) — 60% FOB materials rule,true,2026-09-27,https://www.law.go.kr/BYL/grtFile/law0052462024123135127KC_000200E.xlsx https://www.law.go.kr/LSW/flDownload.do?gubun=&flSeq=159640043&bylClsCd=110201 https://www.law.go.kr/%EB%B2%95%EB%A0%B9/%EC%B5%9C%EB%B9%88%EA%B0%9C%EB%B0%9C%EB%8F%84%EC%83%81%EA%B5%AD%EC%97%90%EB%8C%80%ED%95%9C%ED%8A%B9%ED%98%9C%EA%B4%80%EC%84%B8%EA%B3%B5%EC%97%AC%EA%B7%9C%EC%A0%95
South Korea,korea,CIF,Bangladesh,bangladesh,Cotton knit T-shirts,6109.10,0,LDC preference (to 23 Nov 2029) — 60% FOB materials rule,true,2026-09-27,https://www.law.go.kr/BYL/grtFile/law0052462024123135127KC_000200E.xlsx https://www.law.go.kr/LSW/flDownload.do?gubun=&flSeq=159640043&bylClsCd=110201 https://www.law.go.kr/%EB%B2%95%EB%A0%B9/%EC%B5%9C%EB%B9%88%EA%B0%9C%EB%B0%9C%EB%8F%84%EC%83%81%EA%B5%AD%EC%97%90%EB%8C%80%ED%95%9C%ED%8A%B9%ED%98%9C%EA%B4%80%EC%84%B8%EA%B3%B5%EC%97%AC%EA%B7%9C%EC%A0%95
South Korea,korea,CIF,Bangladesh,bangladesh,Cotton knit polo shirts,6105.10,0,LDC preference (to 23 Nov 2029) — 60% FOB materials rule,true,2026-09-27,https://www.law.go.kr/BYL/grtFile/law0052462024123135127KC_000200E.xlsx https://www.law.go.kr/LSW/flDownload.do?gubun=&flSeq=159640043&bylClsCd=110201 https://www.law.go.kr/%EB%B2%95%EB%A0%B9/%EC%B5%9C%EB%B9%88%EA%B0%9C%EB%B0%9C%EB%8F%84%EC%83%81%EA%B5%AD%EC%97%90%EB%8C%80%ED%95%9C%ED%8A%B9%ED%98%9C%EA%B4%80%EC%84%B8%EA%B3%B5%EC%97%AC%EA%B7%9C%EC%A0%95
South Korea,korea,CIF,Bangladesh,bangladesh,Cotton sweatshirts & hoodies,6110.20,0,LDC preference (to 23 Nov 2029) — 60% FOB materials rule,true,2026-09-27,https://www.law.go.kr/BYL/grtFile/law0052462024123135127KC_000200E.xlsx https://www.law.go.kr/LSW/flDownload.do?gubun=&flSeq=159640043&bylClsCd=110201 https://www.law.go.kr/%EB%B2%95%EB%A0%B9/%EC%B5%9C%EB%B9%88%EA%B0%9C%EB%B0%9C%EB%8F%84%EC%83%81%EA%B5%AD%EC%97%90%EB%8C%80%ED%95%9C%ED%8A%B9%ED%98%9C%EA%B4%80%EC%84%B8%EA%B3%B5%EC%97%AC%EA%B7%9C%EC%A0%95
South Korea,korea,CIF,India,india,Cotton knit T-shirts,6109.10,0,Korea–India CEPA — needs Indian or Korean fabric,true,2026-09-27,https://www.law.go.kr/%EB%B2%95%EB%A0%B9/%EC%9E%90%EC%9C%A0%EB%AC%B4%EC%97%AD%ED%98%91%EC%A0%95%EC%9D%98%EC%9D%B4%ED%96%89%EC%9D%84%EC%9C%84%ED%95%9C%EA%B4%80%EC%84%B8%EB%B2%95%EC%9D%98%ED%8A%B9%EB%A1%80%EC%97%90%EA%B4%80%ED%95%9C%EB%B2%95%EB%A5%A0%EC%8B%9C%ED%96%89%EB%A0%B9 https://www.law.go.kr/%EB%B2%95%EB%A0%B9/%EC%9E%90%EC%9C%A0%EB%AC%B4%EC%97%AD%ED%98%91%EC%A0%95%EC%9D%98%EC%9D%B4%ED%96%89%EC%9D%84%EC%9C%84%ED%95%9C%EA%B4%80%EC%84%B8%EB%B2%95%EC%9D%98%ED%8A%B9%EB%A1%80%EC%97%90%EA%B4%80%ED%95%9C%EB%B2%95%EB%A5%A0%EC%8B%9C%ED%96%89%EA%B7%9C%EC%B9%99
South Korea,korea,CIF,India,india,Cotton knit polo shirts,6105.10,0,Korea–India CEPA — needs Indian or Korean fabric,true,2026-09-27,https://www.law.go.kr/%EB%B2%95%EB%A0%B9/%EC%9E%90%EC%9C%A0%EB%AC%B4%EC%97%AD%ED%98%91%EC%A0%95%EC%9D%98%EC%9D%B4%ED%96%89%EC%9D%84%EC%9C%84%ED%95%9C%EA%B4%80%EC%84%B8%EB%B2%95%EC%9D%98%ED%8A%B9%EB%A1%80%EC%97%90%EA%B4%80%ED%95%9C%EB%B2%95%EB%A5%A0%EC%8B%9C%ED%96%89%EB%A0%B9 https://www.law.go.kr/%EB%B2%95%EB%A0%B9/%EC%9E%90%EC%9C%A0%EB%AC%B4%EC%97%AD%ED%98%91%EC%A0%95%EC%9D%98%EC%9D%B4%ED%96%89%EC%9D%84%EC%9C%84%ED%95%9C%EA%B4%80%EC%84%B8%EB%B2%95%EC%9D%98%ED%8A%B9%EB%A1%80%EC%97%90%EA%B4%80%ED%95%9C%EB%B2%95%EB%A5%A0%EC%8B%9C%ED%96%89%EA%B7%9C%EC%B9%99
South Korea,korea,CIF,India,india,Cotton sweatshirts & hoodies,6110.20,0,Korea–India CEPA — needs Indian or Korean fabric,true,2026-09-27,https://www.law.go.kr/%EB%B2%95%EB%A0%B9/%EC%9E%90%EC%9C%A0%EB%AC%B4%EC%97%AD%ED%98%91%EC%A0%95%EC%9D%98%EC%9D%B4%ED%96%89%EC%9D%84%EC%9C%84%ED%95%9C%EA%B4%80%EC%84%B8%EB%B2%95%EC%9D%98%ED%8A%B9%EB%A1%80%EC%97%90%EA%B4%80%ED%95%9C%EB%B2%95%EB%A5%A0%EC%8B%9C%ED%96%89%EB%A0%B9 https://www.law.go.kr/%EB%B2%95%EB%A0%B9/%EC%9E%90%EC%9C%A0%EB%AC%B4%EC%97%AD%ED%98%91%EC%A0%95%EC%9D%98%EC%9D%B4%ED%96%89%EC%9D%84%EC%9C%84%ED%95%9C%EA%B4%80%EC%84%B8%EB%B2%95%EC%9D%98%ED%8A%B9%EB%A1%80%EC%97%90%EA%B4%80%ED%95%9C%EB%B2%95%EB%A5%A0%EC%8B%9C%ED%96%89%EA%B7%9C%EC%B9%99
South Korea,korea,CIF,China,china,Cotton knit T-shirts,6109.10,2.6,Korea–China FTA staged rate (2026),true,2026-09-27,https://www.law.go.kr/%EB%B2%95%EB%A0%B9/%EC%9E%90%EC%9C%A0%EB%AC%B4%EC%97%AD%ED%98%91%EC%A0%95%EC%9D%98%EC%9D%B4%ED%96%89%EC%9D%84%EC%9C%84%ED%95%9C%EA%B4%80%EC%84%B8%EB%B2%95%EC%9D%98%ED%8A%B9%EB%A1%80%EC%97%90%EA%B4%80%ED%95%9C%EB%B2%95%EB%A5%A0%EC%8B%9C%ED%96%89%EB%A0%B9 https://www.law.go.kr/%EB%B2%95%EB%A0%B9/%EC%9E%90%EC%9C%A0%EB%AC%B4%EC%97%AD%ED%98%91%EC%A0%95%EC%9D%98%EC%9D%B4%ED%96%89%EC%9D%84%EC%9C%84%ED%95%9C%EA%B4%80%EC%84%B8%EB%B2%95%EC%9D%98%ED%8A%B9%EB%A1%80%EC%97%90%EA%B4%80%ED%95%9C%EB%B2%95%EB%A5%A0%EC%8B%9C%ED%96%89%EA%B7%9C%EC%B9%99
South Korea,korea,CIF,China,china,Cotton knit polo shirts,6105.10,2.6,Korea–China FTA staged rate (2026),true,2026-09-27,https://www.law.go.kr/%EB%B2%95%EB%A0%B9/%EC%9E%90%EC%9C%A0%EB%AC%B4%EC%97%AD%ED%98%91%EC%A0%95%EC%9D%98%EC%9D%B4%ED%96%89%EC%9D%84%EC%9C%84%ED%95%9C%EA%B4%80%EC%84%B8%EB%B2%95%EC%9D%98%ED%8A%B9%EB%A1%80%EC%97%90%EA%B4%80%ED%95%9C%EB%B2%95%EB%A5%A0%EC%8B%9C%ED%96%89%EB%A0%B9 https://www.law.go.kr/%EB%B2%95%EB%A0%B9/%EC%9E%90%EC%9C%A0%EB%AC%B4%EC%97%AD%ED%98%91%EC%A0%95%EC%9D%98%EC%9D%B4%ED%96%89%EC%9D%84%EC%9C%84%ED%95%9C%EA%B4%80%EC%84%B8%EB%B2%95%EC%9D%98%ED%8A%B9%EB%A1%80%EC%97%90%EA%B4%80%ED%95%9C%EB%B2%95%EB%A5%A0%EC%8B%9C%ED%96%89%EA%B7%9C%EC%B9%99
South Korea,korea,CIF,China,china,Cotton sweatshirts & hoodies,6110.20,5.2,Korea–China FTA staged rate (2026),true,2026-09-27,https://www.law.go.kr/%EB%B2%95%EB%A0%B9/%EC%9E%90%EC%9C%A0%EB%AC%B4%EC%97%AD%ED%98%91%EC%A0%95%EC%9D%98%EC%9D%B4%ED%96%89%EC%9D%84%EC%9C%84%ED%95%9C%EA%B4%80%EC%84%B8%EB%B2%95%EC%9D%98%ED%8A%B9%EB%A1%80%EC%97%90%EA%B4%80%ED%95%9C%EB%B2%95%EB%A5%A0%EC%8B%9C%ED%96%89%EB%A0%B9 https://www.law.go.kr/%EB%B2%95%EB%A0%B9/%EC%9E%90%EC%9C%A0%EB%AC%B4%EC%97%AD%ED%98%91%EC%A0%95%EC%9D%98%EC%9D%B4%ED%96%89%EC%9D%84%EC%9C%84%ED%95%9C%EA%B4%80%EC%84%B8%EB%B2%95%EC%9D%98%ED%8A%B9%EB%A1%80%EC%97%90%EA%B4%80%ED%95%9C%EB%B2%95%EB%A5%A0%EC%8B%9C%ED%96%89%EA%B7%9C%EC%B9%99
South Korea,korea,CIF,Vietnam,vietnam,Cotton knit T-shirts,6109.10,0,Korea–Vietnam FTA,true,2026-09-27,https://www.law.go.kr/%EB%B2%95%EB%A0%B9/%EC%9E%90%EC%9C%A0%EB%AC%B4%EC%97%AD%ED%98%91%EC%A0%95%EC%9D%98%EC%9D%B4%ED%96%89%EC%9D%84%EC%9C%84%ED%95%9C%EA%B4%80%EC%84%B8%EB%B2%95%EC%9D%98%ED%8A%B9%EB%A1%80%EC%97%90%EA%B4%80%ED%95%9C%EB%B2%95%EB%A5%A0%EC%8B%9C%ED%96%89%EB%A0%B9 https://www.law.go.kr/%EB%B2%95%EB%A0%B9/%EC%9E%90%EC%9C%A0%EB%AC%B4%EC%97%AD%ED%98%91%EC%A0%95%EC%9D%98%EC%9D%B4%ED%96%89%EC%9D%84%EC%9C%84%ED%95%9C%EA%B4%80%EC%84%B8%EB%B2%95%EC%9D%98%ED%8A%B9%EB%A1%80%EC%97%90%EA%B4%80%ED%95%9C%EB%B2%95%EB%A5%A0%EC%8B%9C%ED%96%89%EA%B7%9C%EC%B9%99
South Korea,korea,CIF,Vietnam,vietnam,Cotton knit polo shirts,6105.10,0,Korea–Vietnam FTA,true,2026-09-27,https://www.law.go.kr/%EB%B2%95%EB%A0%B9/%EC%9E%90%EC%9C%A0%EB%AC%B4%EC%97%AD%ED%98%91%EC%A0%95%EC%9D%98%EC%9D%B4%ED%96%89%EC%9D%84%EC%9C%84%ED%95%9C%EA%B4%80%EC%84%B8%EB%B2%95%EC%9D%98%ED%8A%B9%EB%A1%80%EC%97%90%EA%B4%80%ED%95%9C%EB%B2%95%EB%A5%A0%EC%8B%9C%ED%96%89%EB%A0%B9 https://www.law.go.kr/%EB%B2%95%EB%A0%B9/%EC%9E%90%EC%9C%A0%EB%AC%B4%EC%97%AD%ED%98%91%EC%A0%95%EC%9D%98%EC%9D%B4%ED%96%89%EC%9D%84%EC%9C%84%ED%95%9C%EA%B4%80%EC%84%B8%EB%B2%95%EC%9D%98%ED%8A%B9%EB%A1%80%EC%97%90%EA%B4%80%ED%95%9C%EB%B2%95%EB%A5%A0%EC%8B%9C%ED%96%89%EA%B7%9C%EC%B9%99
South Korea,korea,CIF,Vietnam,vietnam,Cotton sweatshirts & hoodies,6110.20,0,Korea–Vietnam FTA,true,2026-09-27,https://www.law.go.kr/%EB%B2%95%EB%A0%B9/%EC%9E%90%EC%9C%A0%EB%AC%B4%EC%97%AD%ED%98%91%EC%A0%95%EC%9D%98%EC%9D%B4%ED%96%89%EC%9D%84%EC%9C%84%ED%95%9C%EA%B4%80%EC%84%B8%EB%B2%95%EC%9D%98%ED%8A%B9%EB%A1%80%EC%97%90%EA%B4%80%ED%95%9C%EB%B2%95%EB%A5%A0%EC%8B%9C%ED%96%89%EB%A0%B9 https://www.law.go.kr/%EB%B2%95%EB%A0%B9/%EC%9E%90%EC%9C%A0%EB%AC%B4%EC%97%AD%ED%98%91%EC%A0%95%EC%9D%98%EC%9D%B4%ED%96%89%EC%9D%84%EC%9C%84%ED%95%9C%EA%B4%80%EC%84%B8%EB%B2%95%EC%9D%98%ED%8A%B9%EB%A1%80%EC%97%90%EA%B4%80%ED%95%9C%EB%B2%95%EB%A5%A0%EC%8B%9C%ED%96%89%EA%B7%9C%EC%B9%99
China,china,CIF,Nepal,nepal,Cotton knit T-shirts,6109.10,0,Zero tariff for LDCs (while Nepal is an LDC),true,2026-09-25,https://www.gov.cn/lianbo/bumen/202409/content_6974163.htm https://english.www.gov.cn/news/202412/04/content_WS674f941ac6d0868f4e8eda6d.html http://www.customs.gov.cn/eportal/fileDir/customs/resource/cms/2024/11/2024113015355143360.pdf
China,china,CIF,Nepal,nepal,Cotton knit polo shirts,6105.10,0,Zero tariff for LDCs (while Nepal is an LDC),true,2026-09-25,https://www.gov.cn/lianbo/bumen/202409/content_6974163.htm https://english.www.gov.cn/news/202412/04/content_WS674f941ac6d0868f4e8eda6d.html http://www.customs.gov.cn/eportal/fileDir/customs/resource/cms/2024/11/2024113015355143360.pdf
China,china,CIF,Nepal,nepal,Cotton sweatshirts & hoodies,6110.20,0,Zero tariff for LDCs (while Nepal is an LDC),true,2026-09-25,https://www.gov.cn/lianbo/bumen/202409/content_6974163.htm https://english.www.gov.cn/news/202412/04/content_WS674f941ac6d0868f4e8eda6d.html http://www.customs.gov.cn/eportal/fileDir/customs/resource/cms/2024/11/2024113015355143360.pdf
China,china,CIF,Bangladesh,bangladesh,Cotton knit T-shirts,6109.10,0,Zero tariff for LDCs,true,2026-09-25,https://www.gov.cn/lianbo/bumen/202409/content_6974163.htm http://bd.china-embassy.gov.cn/eng/zmjw/202409/t20240924_11495697.htm
China,china,CIF,Bangladesh,bangladesh,Cotton knit polo shirts,6105.10,0,Zero tariff for LDCs,true,2026-09-25,https://www.gov.cn/lianbo/bumen/202409/content_6974163.htm http://bd.china-embassy.gov.cn/eng/zmjw/202409/t20240924_11495697.htm
China,china,CIF,Bangladesh,bangladesh,Cotton sweatshirts & hoodies,6110.20,0,Zero tariff for LDCs,true,2026-09-25,https://www.gov.cn/lianbo/bumen/202409/content_6974163.htm http://bd.china-embassy.gov.cn/eng/zmjw/202409/t20240924_11495697.htm
China,china,CIF,India,india,Cotton knit T-shirts,6109.10,6,MFN,false,2026-09-25,https://online.customs.gov.cn/ociswebserver/pages/jckspsl/index.html
China,china,CIF,India,india,Cotton knit polo shirts,6105.10,6,MFN,false,2026-09-25,https://online.customs.gov.cn/ociswebserver/pages/jckspsl/index.html
China,china,CIF,India,india,Cotton sweatshirts & hoodies,6110.20,6,MFN,false,2026-09-25,https://online.customs.gov.cn/ociswebserver/pages/jckspsl/index.html
China,china,CIF,Vietnam,vietnam,Cotton knit T-shirts,6109.10,0,China–ASEAN FTA,true,2026-09-25,https://online.customs.gov.cn/ociswebserver/pages/jckspsl/index.html
China,china,CIF,Vietnam,vietnam,Cotton knit polo shirts,6105.10,0,China–ASEAN FTA,true,2026-09-25,https://online.customs.gov.cn/ociswebserver/pages/jckspsl/index.html
China,china,CIF,Vietnam,vietnam,Cotton sweatshirts & hoodies,6110.20,0,China–ASEAN FTA,true,2026-09-25,https://online.customs.gov.cn/ociswebserver/pages/jckspsl/index.html
